brocado01,20010331
schmija01,20010331
cordofr01,20010331
bensokr01,20010331
alvarwi01,20010331
baldwja01,20010327
stullev01,20010327
pavanca01,20010323
stephga01,20010323
hernaca03,20010323
hackmlu01,20010323
ashbyan01,20010419
winchsc01,20010415
eldreca01,20010412
paintla01,20010412
mulhote01,20010406
delosva01,20010404
abbotpa01,20010401
charlno01,20010531
reyesde01,20010530
riedljo01,20010527
walldo01,20010527
thomsjo01,20010525
wrighja01,20010525
hasegsh01,20010524
thurmmi01,20010524
myersro01,20010524
sprinru01,20010523
redmama01,20010523
reynoar02,20010512
padilvi01,20010512
mossda01,20010511
harnipe01,20010511
leitema01,20010511
tollbbr01,20010510
bohanbr01,20010508
oliveda02,20010507
fyhrimi01,20010502
parquji01,20010501
whiteri01,20010501
dreifda01,20010630
castifr01,20010629
finlech01,20010629
martipe02,20010627
fettemi01,20010624
charlno01,20010623
yanes01,20010622
irabuhi01,20010619
rigdopa01,20010615
reynoar02,20010614
neaglde01,20010613
botteke01,20010612
mulhote01,20010612
smoltjo01,20010611
barcelo01,20010605
guarded01,20010605
silvajo01,20010605
brownke01,20010604
anderbr02,20010603
glynnry01,20010603
finlech01,20010602
timlimi01,20010731
smithch07,20010725
parrist01,20010725
rogerke01,20010724
ellisro02,20010723
nunezvl01,20010719
brownke01,20010718
elartsc01,20010717
worreti01,20010715
jimenjo01,20010714
buddimi01,20010714
santajo02,20010712
gardnma01,20010712
jimenjo01,20010708
daviska01,20010708
schoupe01,20010707
wellsda01,20010703
rigdopa01,20010702
astacpe01,20010828
hayneji01,20010828
neugeni01,20010825
paintla01,20010824
jimenjo01,20010823
estessh01,20010823
cruzju02,20010821
reynosh01,20010818
arrojro01,20010815
sheetbe01,20010814
lincomi01,20010813
wallaje01,20010813
woodke02,20010812
cormirh01,20010812
prokolu01,20010809
saberbr01,20010808
radkebr01,20010808
cookde01,20010807
wolfra02,20010804
pichahi01,20010803
biddlro01,20010921
martipe02,20010918
guzmaju01,20010901
ramirho01,20020330
schmija01,20020330
bensokr01,20020329
wolfra02,20020327
burkejo03,20020326
cookde01,20020325
loaizes01,20020323
crawfpa02,20020322
wallaje01,20020322
brocado01,20020322
walldo01,20020429
jarvike01,20020426
johnsja02,20020425
carpech01,20020425
marquja01,20020422
santaju01,20020422
pettian01,20020421
brownke01,20020420
cruzne01,20020419
maysjo01,20020418
tavarju01,20020417
muldema01,20020417
brockch01,20020416
mayda02,20020416
millewa04,20020415
alvarwi01,20020415
wrighja01,20020411
lopezal02,20020409
hermadu01,20020408
rodriri02,20020406
maddugr01,20020405
carpech01,20020405
radkebr01,20020531
sosajo02,20020531
tollbbr01,20020530
mlickda01,20020529
steinbl01,20020528
brownke01,20020527
linebsc01,20020525
pennybr01,20020521
hernaor01,20020521
georgch01,20020518
lidleco01,20020518
jamesde01,20020517
neugeni01,20020515
jonesbo03,20020515
radkebr01,20020514
daviska01,20020513
mulhote01,20020511
zambrca01,20020510
jarvike01,20020510
figuene01,20020508
abbotpa01,20020508
manzajo01,20020505
persoro01,20020503
carmofa01,20020502
beckejo02,20020501
kinnema01,20020630
hitchst01,20020628
lopezal02,20020627
lopezal02,20020627
arrojro01,20020627
rupery01,20020625
jonesbo03,20020621
affelje01,20020618
prokolu01,20020615
reynosh01,20020613
robergr01,20020613
wellsbo01,20020612
almanca01,20020611
almanca01,20020611
riverma01,20020610
madurca01,20020607
beckejo02,20020605
grimsja01,20020605
martira02,20020604
silvaca01,20020602
witasja01,20020727
riverma01,20020726
lillyte01,20020725
hermadu01,20020724
persoro01,20020722
helliri01,20020720
alvarwi01,20020718
alvarwi01,20020717
rupery01,20020716
holmeda01,20020715
embreal01,20020715
robergr01,20020713
clemero02,20020713
soriara01,20020710
frankry01,20020706
stottto01,20020704
hernaca03,20020702
trachst01,20020702
middlja01,20020701
moehlbr01,20020828
prokolu01,20020825
beckejo02,20020824
riverma01,20020818
villoro01,20020816
aybarma01,20020816
carragi01,20020815
carpech01,20020815
ponsosi01,20020809
perezol01,20020808
remlimi01,20020807
arrojro01,20020807
miltoer01,20020807
ritchto01,20020806
ostinji01,20020802
nenro01,20030331
neaglde01,20030330
starkde01,20030330
wayneju01,20030329
neugeni01,20030329
persoro01,20030328
whitema03,20030328
astacpe01,20030328
robergr01,20030328
yatesty01,20030328
isrinja01,20030328
witasja01,20030326
jarvike01,20030326
wisema01,20030318
delosva01,20030429
parkch01,20030429
schilcu01,20030428
moehlbr01,20030425
coneda01,20030423
johnsra05,20030421
affelje01,20030420
mercahe01,20030416
embreal01,20030412
jensery01,20030410
fettemi01,20030406
bereja01,20030404
stantmi02,20030531
webbbr01,20030528
bereja01,20030528
hernaru03,20030527
martipe02,20030525
bowiemi01,20030524
creekdo01,20030524
dempsry01,20030523
cruzne01,20030523
asencmi01,20030521
guthrma01,20030517
lopezal02,20030517
beckejo02,20030509
eatonad01,20030509
holmeda01,20030507
kimby01,20030503
lopezro02,20030503
redmama01,20030503
johnsra05,20030502
sprinru01,20030502
fettemi01,20030501
roberwi01,20030629
calerki01,20030629
politcl01,20030629
olsenke01,20030628
stantmi02,20030614
carmofa01,20030613
mendora01,20030613
riedljo01,20030613
fossuca01,20030611
persoro01,20030611
parkch01,20030609
callami01,20030607
benoijo01,20030605
walkepe01,20030605
reedri01,20030604
schilcu01,20030603
ainswku01,20030603
astacpe01,20030601
dempsry01,20030731
oswalro01,20030730
bensokr01,20030728
paintla01,20030728
zerbech01,20030725
neaglde01,20030722
morrima01,20030722
fordma01,20030721
rodriri03,20030709
rueteki01,20030709
leiteal01,20030707
daalom01,20030703
snydeky01,20030703
smithda05,20030703
chacosh01,20030701
queveru01,20030701
stewajo02,20030831
hermadu01,20030830
smoltjo01,20030828
tsaoch01,20030827
limajo01,20030827
adamste01,20030827
hernaru03,20030826
appieke01,20030826
muldema01,20030821
foppeje01,20030821
reedri01,20030820
chacosh01,20030819
carmofa01,20030813
phelpto01,20030812
lidleco01,20030809
mendora01,20030808
vargacl01,20030808
holmeda01,20030807
rueteki01,20030801
kimby01,20040331
appieke01,20040331
nenro01,20040330
eyresc01,20040330
standja01,20040324
mccluse01,20040427
hermadu01,20040426
appieke01,20040424
thomabr01,20040423
capuach01,20040423
stanfja01,20040420
lewisco01,20040420
jimenjo01,20040417
heredfe01,20040417
hitchst01,20040415
callami01,20040414
pettian01,20040410
mendora01,20040409
ericksc01,20040408
reynosh01,20040406
ankieri01,20040405
shielja01,20040404
remlimi01,20040404
balfogr01,20040404
fossuca01,20040403
schmija01,20040403
wickmbo01,20040402
beckejo02,20040531
pettian01,20040531
ramirho01,20040530
padilvi01,20040529
brunebr01,20040528
welleto01,20040528
nomohi01,20040528
peavyja01,20040527
parkch01,20040526
youngja01,20040522
willisc01,20040521
tankede01,20040521
woodke02,20040520
powelbr01,20040519
germaju01,20040518
fordbe01,20040516
wendetu01,20040515
brocado01,20040512
rileyma01,20040511
soriara01,20040511
villaos01,20040510
lincomi01,20040507
cornena01,20040505
beltrri01,20040504
carmofa01,20040504
reynosh01,20040630
millewa04,20040629
remlimi01,20040627
affelje01,20040627
hudsoti01,20040626
schoesc01,20040625
beckejo02,20040625
hammoch01,20040621
dominju01,20040616
brownke01,20040615
telemam01,20040613
seleaa01,20040611
ohkato01,20040611
tomkobr01,20040611
wayneju01,20040610
waechdo01,20040610
wolfra02,20040608
delosva01,20040608
percitr01,20040606
borowjo01,20040606
haranaa01,20040604
hallaro01,20040604
boehrbr01,20040602
capuach01,20040601
milleju01,20040601
willije01,20040731
mateoju01,20040730
frankwa01,20040729
knottga01,20040728
washbja01,20040727
madsory01,20040727
pineijo01,20040727
brocado01,20040726
rodriri03,20040723
hallaro01,20040720
starkde01,20040719
parrajo01,20040719
jacksed01,20040717
mussimi01,20040716
goodan01,20040715
dinarle01,20040709
dayza01,20040709
servisc01,20040708
kennejo04,20040708
beckejo02,20040706
matthmi01,20040703
perezod01,20040703
willisc01,20040702
rhodear01,20040702
nomohi01,20040701
wolfra02,20040831
nageocl01,20040828
klinest02,20040828
micelda01,20040826
callami01,20040826
capuach01,20040825
benoijo01,20040825
hitchst01,20040824
wellski01,20040823
burnese01,20040823
graveda01,20040820
drewti01,20040819
zambrvi01,20040819
pettian01,20040818
powelbr01,20040818
witasja01,20040818
wilsopa02,20040814
oliveda02,20040810
cookaa01,20040808
saarlki01,20040807
calerki01,20040807
schoesc01,20040806
millwke01,20040806
balfogr01,20040804
dayza01,20040802
guarded01,20040801
martira02,20040928
diazfe01,20050330
cookaa01,20050330
balfogr01,20050326
vargacl01,20050316
schilcu01,20050429
sheetbe01,20050429
isrinja01,20050427
wellsda01,20050426
lewisco01,20050425
desseel01,20050424
wrighja02,20050424
ishiika01,20050422
heredfe01,20050419
hendrma01,20050419
sturtta01,20050418
ortizra02,20050417
affelje01,20050416
eldreca01,20050415
valdeis01,20050414
pulsibi01,20050412
villaos01,20050411
knottga01,20050411
martira02,20050409
silvaca01,20050409
madribo01,20050409
escobke01,20050408
vargacl01,20050408
morrima01,20050405
bensokr01,20050404
priorma01,20050403
brownke01,20050403
pineijo01,20050403
hancojo01,20050402
alvarwi01,20050402
morrima01,20050402
lincomi01,20050402
ramirer02,20050402
benoijo01,20050402
astacpe01,20050402
ainswku01,20050401
millewa04,20050401
riedljo01,20050401
padilvi01,20050401
lillyte01,20050401
dayza01,20050531
acevejo01,20050530
priorma01,20050528
bedarer01,20050526
millwke01,20050526
rauchjo01,20050526
remlimi01,20050525
wilsopa02,20050525
pattejo02,20050525
perezod01,20050523
hernaor01,20050522
hamptmi01,20050521
doteloc01,20050520
thomsjo01,20050517
harderi01,20050515
bautide01,20050514
bellro01,20050514
tsaoch01,20050513
snydeky01,20050512
escobke01,20050512
levinal01,20050512
rodrife01,20050510
calerki01,20050510
schmija01,20050510
percitr01,20050509
anderbr02,20050509
redditi01,20050509
worreti01,20050506
williwo02,20050504
woodke02,20050502
almanca01,20050501
perezol01,20050628
keislra01,20050626
florera01,20050624
eatonad01,20050622
affelje01,20050620
hernaor01,20050619
ortizru01,20050618
brownke01,20050618
beckejo02,20050617
hawkila01,20050617
hudsoti01,20050616
gagneer01,20050615
wolfra02,20050613
milletr02,20050613
benoijo01,20050612
regilni01,20050610
dresery01,20050608
alvarwi01,20050606
hamptmi01,20050605
chacosh01,20050604
lillyte01,20050730
brownke01,20050728
backebr01,20050727
woodke02,20050725
jennija01,20050723
bumpna01,20050719
percitr01,20050714
wangch01,20050714
hallaro01,20050709
beckejo02,20050708
estessh01,20050707
pavanca01,20050707
foulkke01,20050706
waechdo01,20050703
foppeje01,20050701
woodke02,20050830
riedljo01,20050829
astacpe01,20050829
lidleco01,20050828
sheetbe01,20050827
dukeza01,20050827
hernaru03,20050826
grimsja01,20050824
hamptmi01,20050823
cabreda01,20050823
dresery01,20050823
perezod01,20050822
walkety01,20050821
mechegi01,20050820
wisema01,20050814
santaju01,20050814
rhodear01,20050813
alvarwi01,20050811
eatonad01,20050810
ponsosi01,20050809
millewa04,20050809
rodriri03,20050809
micelda01,20050808
rueteki01,20050807
washbja01,20050803
campijo01,20050803
hamptmi01,20060331
sheetbe01,20060330
gassnda01,20060329
priorma01,20060328
hernaru03,20060327
dresery01,20060327
mateoju01,20060430
bannibr01,20060428
harderi01,20060428
pattejo02,20060428
santaju01,20060426
miltoer01,20060424
milletr02,20060420
colonba01,20060419
kimsu01,20060418
martica04,20060417
bautide01,20060416
helliri01,20060416
wellsda01,20060415
dresery01,20060415
backebr01,20060414
witasja01,20060414
mulhote01,20060412
wellsda01,20060412
dejeami01,20060411
hendrma01,20060411
estessh01,20060407
lowryno01,20060407
ramirho01,20060406
gagneer01,20060406
vanbejo01,20060403
kimby01,20060402
jonesto02,20060402
ankieri01,20060402
parrijo01,20060401
wellsda01,20060401
millewa04,20060401
hermadu01,20060401
mayda02,20060401
wilsopa02,20060401
macdomi01,20060401
doteloc01,20060401
brocado01,20060401
astacpe01,20060401
wellsda01,20060531
belisma01,20060530
liebejo01,20060529
timlimi01,20060528
fossuca01,20060527
marotmi01,20060526
dinarle01,20060524
hamelco01,20060524
worreti01,20060523
pennha01,20060522
dayza01,20060522
chacosh01,20060521
kennejo04,20060521
davieky01,20060517
keislra01,20060516
chacigu01,20060516
cabreda01,20060515
merckke01,20060514
mitrese01,20060513
sturtta01,20060513
duchsju01,20060513
santaju01,20060513
williwo02,20060513
sheetbe01,20060510
ponsosi01,20060510
contrjo01,20060509
ramirho01,20060507
jamesch03,20060506
mainejo01,20060506
micelda01,20060506
bootcch01,20060504
cormila01,20060503
ohkato01,20060503
ortizru01,20060502
castrfa01,20060502
loaizes01,20060501
tomkobr01,20060627
martica04,20060623
witasja01,20060623
muldema01,20060622
mulhote01,20060621
loeka01,20060620
ruschgl01,20060618
santovi01,20060618
thomsjo01,20060617
clausbr01,20060617
clemema01,20060616
wasdijo01,20060616
reitsch01,20060614
gagneer01,20060614
walkety01,20060614
foulkke01,20060613
chacigu01,20060610
woodke02,20060609
rosajo01,20060609
guerrma02,20060609
loaizes01,20060608
politcl01,20060607
cruzju02,20060606
mulhote01,20060606
oswalro01,20060606
carpech01,20060606
willisc01,20060604
rasneda01,20060603
birkiku01,20060731
duckwbr01,20060731
colonba01,20060730
parkch01,20060730
kazmisc01,20060730
soriara01,20060729
capeljo01,20060728
marshse01,20060723
gabbaka01,20060722
merckke01,20060722
hernaru03,20060721
elartsc01,20060718
oconnmi01,20060718
thomsjo01,20060715
taubety01,20060715
priorma01,20060714
belisma01,20060714
escobke01,20060714
pattejo02,20060714
walkepe01,20060708
martipe02,20060706
woodmi01,20060703
reitsch01,20060702
moehlbr01,20060702
embreal01,20060702
worreti01,20060701
hillsh01,20060701
muldema01,20060831
lestejo01,20060828
gorzeto01,20060828
willisc01,20060826
baezda01,20060825
omallry01,20060823
mussimi01,20060823
hammeja01,20060823
nievefe01,20060822
parkch01,20060822
marmoca01,20060821
colonro01,20060821
gordoto01,20060821
guarded01,20060820
backebr01,20060819
wisema01,20060819
thompmi03,20060819
bernead01,20060818
bowiemi01,20060817
eyresc01,20060816
martipe02,20060816
wellski01,20060815
priorma01,20060812
merckke01,20060812
ramirho01,20060811
liriafr01,20060810
kensilo01,20060809
standja01,20060807
desseel01,20060807
bensokr01,20060804
ruschgl01,20060803
harpetr01,20060802
oconnmi01,20060802
johnsja02,20060801
gordoto01,20060903
johnsra05,20070331
colonro01,20070331
gagneer01,20070331
thomsjo01,20070331
hamptmi01,20070330
johnsjo09,20070330
garcifr03,20070330
rogerke01,20070329
rheinjo01,20070329
clemema01,20070328
backebr01,20070328
wickmbo01,20070430
wrighja02,20070430
hernaor01,20070430
chacigu01,20070430
karstje01,20070429
willije01,20070429
whiteri01,20070425
willisc01,20070424
hawkila01,20070424
millewa04,20070423
harderi01,20070423
hernafe02,20070423
cruzju02,20070421
ramirra03,20070421
owingmi01,20070420
mitrese01,20070420
lopezro02,20070419
alberma01,20070417
schmija01,20070417
kimby01,20070416
pavanca01,20070415
escobke01,20070413
wrighja01,20070413
wrighja02,20070412
rhodear01,20070410
nolasri01,20070409
carpech01,20070409
miltoer01,20070408
cormila01,20070404
doteloc01,20070404
mateoju02,20070401
danksjo01,20070401
miltoer01,20070401
guarded01,20070401
leecl02,20070401
lawrebr02,20070401
balejo01,20070401
martipe02,20070401
wangch01,20070401
karstje01,20070401
loaizes01,20070401
mathisc01,20070401
foggjo01,20070528
myersbr01,20070525
ramirho01,20070525
desseel01,20070524
reyesde01,20070524
tsaoch01,20070523
reitsch01,20070523
perkigl01,20070522
duchsju01,20070522
lerewan01,20070520
beckejo02,20070519
nolasri01,20070519
bergmja01,20070518
bondeje01,20070516
willije01,20070516
millwke01,20070515
mahayro01,20070515
hillsh01,20070514
leicejo01,20070513
hudsolu01,20070513
owenshe02,20070511
weaveje01,20070511
hallaro01,20070511
zambrvi01,20070510
miltoer01,20070509
westbja01,20070507
madsory01,20070505
millwke01,20070505
loewead01,20070504
gordoto01,20070504
henslcl01,20070504
timlimi01,20070503
hugheph01,20070503
wasdijo01,20070503
ortizru01,20070503
redmama01,20070502
trachst01,20070630
pineijo01,20070630
fultzaa01,20070627
dempsry01,20070626
calerki01,20070625
feldmsc01,20070625
liebejo01,20070623
schilcu01,20070622
elartsc01,20070622
brocado01,20070622
lidgebr01,20070619
schmija01,20070618
loopebr01,20070618
baezda01,20070617
stantmi02,20070617
rosarfr01,20070617
johnsra05,20070616
reyesan01,20070616
duckwbr01,20070614
capuach01,20070614
loeka01,20070614
owenshe02,20070613
corcoti02,20070612
reitsch01,20070611
cormila01,20070609
martira02,20070609
garcifr03,20070609
torresa01,20070609
weaveje01,20070609
minerza01,20070607
ortizru01,20070607
guzmaan01,20070606
whiteri01,20070602
rogerke01,20070730
reitsch01,20070730
chacigu01,20070730
madsory01,20070729
youngch03,20070729
bergmja01,20070727
colonba01,20070724
witasja01,20070723
simonja01,20070720
thomsjo01,20070716
sheetbe01,20070716
tsaoch01,20070715
bautijo01,20070715
harderi01,20070712
welleto01,20070712
smoltjo01,20070706
macdomi01,20070706
johnsjo09,20070705
wolfra02,20070704
sanchjo01,20070704
johnsra05,20070703
hirshja01,20070703
perezol01,20070702
mccarbr01,20070702
bowiemi01,20070702
sosajo02,20070701
dukeza01,20070701
parrama01,20070831
vargacl01,20070828
jurrjja01,20070826
reyesde01,20070826
torresa01,20070825
livinbo01,20070824
brunebr01,20070824
perezod01,20070822
loaizes01,20070822
hamelco01,20070822
jamesch03,20070821
jennija01,20070821
linceti01,20070821
eyrewi01,20070818
cookaa01,20070816
eatonad01,20070815
padilvi01,20070815
doteloc01,20070810
hirshja01,20070809
schilcu01,20070806
marotmi01,20070806
millean01,20070804
loeka01,20070804
sampsch01,20070803
lopezro02,20070802
rosajo01,20070801
eyresc01,20080330
belisma01,20080330
hirshja01,20080330
tatajo01,20080330
hudsolu01,20080330
schmija01,20080330
hernaor01,20080330
hennse01,20080330
lowryno01,20080330
mendolu01,20080330
johnsra05,20080329
jamesch03,20080329
baezda01,20080329
pattotr01,20080329
bootcch01,20080329
birkiku01,20080329
pettian01,20080328
karstje01,20080328
capuach01,20080327
hampsju01,20080326
calerki01,20080325
carpech01,20080325
kazmisc01,20080325
beckejo02,20080324
johnsjo09,20080324
lidgebr01,20080324
burgoam01,20080323
vargaja01,20080323
hillsh01,20080320
paulife01,20080319
wellski01,20080430
hugheph01,20080430
smoltjo01,20080429
thompbr01,20080428
correke01,20080427
loewead01,20080425
brunebr01,20080425
mendolu01,20080425
gabbaka01,20080424
westbja01,20080422
bowiemi01,20080422
nippedu01,20080422
weathda01,20080420
rodriwa01,20080420
glavito02,20080418
balejo01,20080417
borowjo01,20080415
bedarer01,20080415
willido03,20080412
guarded01,20080412
sloweke01,20080411
harderi01,20080410
davisdo02,20080409
soriara01,20080409
garzama01,20080409
wisema01,20080408
duchsju01,20080408
sprinru01,20080405
hamptmi01,20080403
martipe02,20080402
estessh01,20080531
matsuda01,20080530
percitr01,20080529
kenneia01,20080528
pineijo01,20080528
wisema01,20080527
gagneer01,20080523
peavyja01,20080520
isrinja01,20080516
valdeme01,20080515
buchhcl01,20080514
harderi01,20080511
millwke01,20080511
carlybu01,20080510
merckke01,20080509
loaizes01,20080508
bakersc02,20080507
moseldu01,20080504
bautide01,20080503
gallayo01,20080502
glovega01,20080502
jennija01,20080502
walkeja01,20080630
hernafe02,20080630
gonzaed01,20080628
eyresc01,20080628
gabbaka01,20080628
alberma01,20080626
snellia01,20080626
florera01,20080626
hillsh01,20080626
proctsc01,20080625
badenbu01,20080622
dumatph01,20080622
timlimi01,20080621
zambrca01,20080621
marcush01,20080621
kurodhi01,20080620
mathido01,20080620
reyesan01,20080619
colonba01,20080617
pennybr01,20080617
wangch01,20080617
soriara01,20080614
loaizes01,20080613
perezod01,20080613
glavito02,20080610
wainwad01,20080610
bootcch01,20080609
bondeje01,20080607
smoltjo01,20080604
westbja01,20080603
foggjo01,20080601
jonesto02,20080731
hudsoti01,20080728
tallebr01,20080728
linebsc01,20080726
millwke01,20080726
woodke02,20080724
gobblji01,20080722
contrjo01,20080720
glovega01,20080720
oswalro01,20080719
liebejo01,20080718
millean01,20080718
haranaa01,20080713
dumatph01,20080712
bedarer01,20080710
muldema01,20080710
padilvi01,20080709
mcgowdu01,20080709
loewead01,20080708
tomkobr01,20080708
hurleer01,20080708
suppaje01,20080707
cruzju02,20080706
benneje01,20080706
gordoto01,20080706
milleju01,20080705
benoijo01,20080705
foulkke01,20080704
francje01,20080702
hernafe02,20080701
percitr01,20080701
louxsh01,20080831
ryuja01,20080831
padilvi01,20080830
beckejo02,20080828
mainejo01,20080825
mahayro01,20080822
duchsju01,20080821
gallase01,20080821
hergema01,20080820
hochelu01,20080820
jonesto02,20080817
sanchjo01,20080816
silvaca01,20080816
glavito02,20080815
gieseda01,20080815
carpech01,20080815
percitr01,20080815
pennybr01,20080814
youngch03,20080814
wakefti01,20080812
waechdo01,20080811
contrjo01,20080810
gintema01,20080806
chambjo03,20080806
soriara01,20080803
mainejo01,20080803
hurleer01,20080801
downssc01,20080926
cabreda01,20080919
sarfade01,20080917
guthrje01,20080914
johnsji04,20080908
mathido01,20080902
hillri01,20080901
